<?xml version="1.0" encoding="UTF-8"?>
<rules
    xmlns="http://namespaces.plone.org/diazo"
    xmlns:css="http://namespaces.plone.org/diazo/css"
    xmlns:xsl="http://www.w3.org/1999/XSL/Transform">

    <!-- Apply the following rules to standard Plone pages -->
    <rules css:if-content="#visual-portal-wrapper">

        <theme href="index.html" />

        <!-- Replace title with Plone's page title  -->
        <replace css:theme="html head title" css:content="html head title" />

        <!-- Copy base tag from Plone -->
        <before css:theme-children="html head" css:content="html head base" />

        <!-- Copy link, style, meta tags from Plone head -->
        <!--<after css:theme-children="html head"
               content="/html/head/link | /html/head/style | /html/head/meta" />-->

        <!-- merge classes from Plone body with theme body -->
        <merge attributes="class" css:theme="body" css:content="body" />

        <!-- Copy script tags from Plone head to end of body -->
        <after css:theme-children="html body" css:content="html head script" />

        <!-- Tabs -->
        <replace css:theme-children=".navigation__site" css:content-children="#portal-globalnav" />

        <!-- Body -->
        <replace css:content-children="#content" css:theme-children=".content__main" />

    </rules>

</rules>
